approval_id,log_id,run_id,node_id,agent_type,decision,decided_by_email,decided_at,note
48f4e8df-2c14-4b55-8e98-a2d4384340b2,412ab98d-188f-4573-9065-d5c3439e6db6,2d524653-5e1c-4f99-9001-831628bb09ba,cd8c06ce-9a73-5554-bbf2-a8839547de58,publisher,approve,demo@gp.local,2026-09-28 14:21:52.984476+00:00,reliability campaign auto-approve
c95a3433-d7cf-423f-b4a3-d0e7d10ba788,6e7efe55-0b93-4f67-a0dc-381b955cf565,ab438d5c-9024-4cb1-b459-e12c6c2aa50d,e0defd08-4538-5050-95cd-b859408cd60e,email,approve,demo@gp.local,2026-09-28 14:21:54.558893+00:00,reliability campaign auto-approve
1e15adab-3d36-4628-8106-71cc0592922f,ee304281-fd2c-48a5-b4ec-39615b0037af,ec4cab5d-8610-4159-81af-21b3846c1e3b,cd8c06ce-9a73-5554-bbf2-a8839547de58,publisher,approve,demo@gp.local,2026-09-28 14:21:57.615022+00:00,reliability campaign auto-approve
ef4c513e-b8b8-4423-b15f-34b4f3adc7ef,8f12800f-1eb5-46d7-92f3-156ca3ee640c,e3536aa9-08d4-41ce-b46e-fc6e21a50238,e0defd08-4538-5050-95cd-b859408cd60e,email,approve,demo@gp.local,2026-09-28 14:21:57.631753+00:00,reliability campaign auto-approve
f342a652-2f2a-4d47-be18-09422dd432fa,8bb27b69-7d85-4461-bf5f-bcc625de492d,f868ca0a-abb4-4483-81b5-8eceee9f0a41,cd8c06ce-9a73-5554-bbf2-a8839547de58,publisher,approve,demo@gp.local,2026-09-28 14:22:00.699095+00:00,reliability campaign auto-approve
ce62ac1e-4b39-43d3-8684-c7b99e9a581f,1292b91d-a845-47de-9396-9dbe3e877abf,7231cc42-63b9-484b-a517-44fe6b636880,e0defd08-4538-5050-95cd-b859408cd60e,email,approve,demo@gp.local,2026-09-28 14:22:02.264316+00:00,reliability campaign auto-approve
b6c07802-413d-46cb-ab0f-efd44d4f7beb,58e3f250-de41-488a-b682-acc5f023e0a4,f421434b-cc52-4b92-93b3-65ee9156f466,cd8c06ce-9a73-5554-bbf2-a8839547de58,publisher,approve,demo@gp.local,2026-09-28 14:22:05.306218+00:00,reliability campaign auto-approve
f84c08aa-afdb-43c9-804a-e9bc9ae13f77,1ebd9212-5120-485d-95c8-e69b87d33ebb,611eb4bf-f3c8-4393-a34a-eaa73fbdb61a,e0defd08-4538-5050-95cd-b859408cd60e,email,approve,demo@gp.local,2026-09-28 14:22:05.348752+00:00,reliability campaign auto-approve
fcecc59d-edc5-4c41-a4be-1af323a199c6,4a20e170-e7c6-4b76-b55b-ad069518e1f0,fba82f7f-f828-4bd7-afde-5ceeab9ae1a7,cd8c06ce-9a73-5554-bbf2-a8839547de58,publisher,approve,demo@gp.local,2026-09-28 14:22:08.422499+00:00,reliability campaign auto-approve
b741c596-2aa3-45fc-9e82-fa4070a622ca,fadab079-f85a-45db-b7f5-5586d4209749,9970ca74-bd2b-4cf9-82ba-bd9d43248d4e,e0defd08-4538-5050-95cd-b859408cd60e,email,approve,demo@gp.local,2026-09-28 14:22:09.894383+00:00,reliability campaign auto-approve
494d30e9-82af-4e02-a9e2-ab34a6f19733,cdb2a7d0-8efd-43a4-994e-3fc99ac24e8e,3bca30e1-d285-4b43-af9e-a5fd2279df6d,cd8c06ce-9a73-5554-bbf2-a8839547de58,publisher,approve,demo@gp.local,2026-09-28 14:22:12.987811+00:00,reliability campaign auto-approve
49fb9f83-7145-4e6a-a479-3f4319a34544,d7ecd571-98fc-4a2a-bfd2-b8418b497fd5,f064136d-9386-4e4f-8297-2e15e6ec9546,e0defd08-4538-5050-95cd-b859408cd60e,email,approve,demo@gp.local,2026-09-28 14:22:13.048827+00:00,reliability campaign auto-approve
bf381f02-4a70-4e23-9bee-f6a3442e3895,5f236e55-fcff-4c7a-a1c7-4c2310d5a4cb,d8606072-0e29-4117-ad7c-fc595d60955e,cd8c06ce-9a73-5554-bbf2-a8839547de58,publisher,approve,demo@gp.local,2026-09-28 14:22:16.092263+00:00,reliability campaign auto-approve
810a34ef-5939-4228-8534-2308d7e7a336,668285a5-9f38-453b-8a43-aa7020a8662b,1cd668b3-9cc1-44b2-a6f0-0fa39685fab4,e0defd08-4538-5050-95cd-b859408cd60e,email,approve,demo@gp.local,2026-09-28 14:22:17.574006+00:00,reliability campaign auto-approve
c78887ff-f47b-4a79-83cd-85a74c49986d,710707ce-37ad-4a0b-9baa-af11e455e6f0,1c082dc5-5a19-4c1f-bf1e-2ac447f462e4,cd8c06ce-9a73-5554-bbf2-a8839547de58,publisher,approve,demo@gp.local,2026-09-28 14:22:20.639266+00:00,reliability campaign auto-approve
3c0821f2-315a-4104-b2ff-1641cc5ed640,67c3fbaf-2a65-4000-8004-bb305a83d7f8,45260562-9d5d-4d59-bb28-fea2708a2b4e,e0defd08-4538-5050-95cd-b859408cd60e,email,approve,demo@gp.local,2026-09-28 14:22:20.706113+00:00,reliability campaign auto-approve
8a8850e2-3338-4704-b584-f517fa6a1069,2284738a-df15-409e-a9c7-e5dc332c6241,2b191824-dde4-4270-8be0-8d07b3edcf8f,cd8c06ce-9a73-5554-bbf2-a8839547de58,publisher,approve,demo@gp.local,2026-09-28 14:22:23.771643+00:00,reliability campaign auto-approve
7de32a2d-9af8-48f1-9a82-5e90322d3ce5,49616424-eb67-43a7-9961-32e78407f90f,7aafef56-3838-4916-a050-7f85a72cc86e,e0defd08-4538-5050-95cd-b859408cd60e,email,approve,demo@gp.local,2026-09-28 14:22:25.235616+00:00,reliability campaign auto-approve
d8b250db-1697-4e1e-aadb-8702ce1bde39,f3e088a3-ee41-40c0-b8c0-f80234e22fb4,d3c4bad6-c55b-4d0b-a5d4-d986832d1419,cd8c06ce-9a73-5554-bbf2-a8839547de58,publisher,approve,demo@gp.local,2026-09-28 14:22:28.336704+00:00,reliability campaign auto-approve
d99a500a-a615-4426-9964-092139a1b10d,0bca99fe-ed2d-425c-9580-f8b77dac025d,5563bee2-14f7-4c76-9f79-e56593bbd4f0,e0defd08-4538-5050-95cd-b859408cd60e,email,approve,demo@gp.local,2026-09-28 14:22:28.380193+00:00,reliability campaign auto-approve
d837d42f-32f4-49cb-9f78-387c963b0e9f,ebb075e2-94b3-46b0-b0a2-b12d1082ec80,db8279a3-b036-4e6f-ae9b-8a5cce336b68,cd8c06ce-9a73-5554-bbf2-a8839547de58,publisher,approve,demo@gp.local,2026-09-28 14:22:31.427157+00:00,reliability campaign auto-approve
94a4e44d-ef04-411c-a44b-8e649031b10c,a91a69f4-54a7-4ab1-ada2-f6bd68de1e67,076fe070-fa70-496f-b156-88d9ff8ce961,e0defd08-4538-5050-95cd-b859408cd60e,email,approve,demo@gp.local,2026-09-28 14:22:32.934987+00:00,reliability campaign auto-approve
526ca1be-0744-437d-8b8d-ffdaaaeda0d6,ffa4fff8-368a-49f1-804f-ec4a05a38ff8,6d953ade-0506-4676-be67-9ab8ae67defc,cd8c06ce-9a73-5554-bbf2-a8839547de58,publisher,approve,demo@gp.local,2026-09-28 14:22:36.018914+00:00,reliability campaign auto-approve
c200d60d-fe06-4385-b46a-dcc894aae9a9,4d856d64-fcc1-475d-93ad-000943fdec9c,d2b4cbd7-44e6-49eb-9b45-37128608f2ca,e0defd08-4538-5050-95cd-b859408cd60e,email,approve,demo@gp.local,2026-09-28 14:22:36.034105+00:00,reliability campaign auto-approve
7ed04e83-73a1-4e44-a231-c89c4a8bd4ed,798049c6-7745-4749-84f9-865fad91ef51,077a2c8a-9a29-419c-81ac-c6a3f3475efc,cd8c06ce-9a73-5554-bbf2-a8839547de58,publisher,approve,demo@gp.local,2026-09-28 14:22:39.091814+00:00,reliability campaign auto-approve
ecf3ed2b-1f7b-4535-b499-4d6e9a929dff,30e6447c-8a33-42cb-8184-7532e53bd087,1c083e49-74bc-4e53-b9d1-c9b5e4905d7d,e0defd08-4538-5050-95cd-b859408cd60e,email,approve,demo@gp.local,2026-09-28 14:22:40.648862+00:00,reliability campaign auto-approve
a9597cdb-ecb3-459d-8c2a-2393926211b2,75cce6f3-6e52-4b3f-8c11-c926e4f6e6e0,d65d6f83-0c18-4bd2-902e-db3f04f9490d,cd8c06ce-9a73-5554-bbf2-a8839547de58,publisher,approve,demo@gp.local,2026-09-28 14:22:43.678907+00:00,reliability campaign auto-approve
bb32a05a-f00b-467e-83a4-0ac3337c4c94,82c53ad6-2f20-453f-ba8c-4b0a0990be36,af19a8e5-e3ab-4555-a8bc-b073d10e1d3c,e0defd08-4538-5050-95cd-b859408cd60e,email,approve,demo@gp.local,2026-09-28 14:22:43.700626+00:00,reliability campaign auto-approve
431f1a19-a61b-4b4d-82b2-f252a7b46824,6849e840-5c56-4fc8-a78e-73b65fbd484a,2e47d0a3-a2f3-4d2f-8a9a-c3f30398a7af,cd8c06ce-9a73-5554-bbf2-a8839547de58,publisher,approve,demo@gp.local,2026-09-28 14:22:46.758913+00:00,reliability campaign auto-approve
986062e0-d908-4cbb-82dc-1954f775a9ed,e3928ba7-cea7-4238-ae44-9f883619c903,2b074d8e-6af3-44dc-a4bf-8f1bc569c041,e0defd08-4538-5050-95cd-b859408cd60e,email,approve,demo@gp.local,2026-09-28 14:22:48.327380+00:00,reliability campaign auto-approve
54a75850-025e-4802-85d5-6e013cde8fac,417db65a-eda3-4207-bdd5-07ae4f6f5d5e,3c3ed17d-5919-4039-b91f-ee474fe4d59c,cd8c06ce-9a73-5554-bbf2-a8839547de58,publisher,approve,demo@gp.local,2026-09-28 14:22:51.380713+00:00,reliability campaign auto-approve
a09fe5e4-fdb3-4ddd-a064-667b408a6f63,1f08105b-943d-4be8-87d9-93c9b3e44462,a0c02565-b597-4c81-8177-a4b3ecccfa74,e0defd08-4538-5050-95cd-b859408cd60e,email,approve,demo@gp.local,2026-09-28 14:22:51.426711+00:00,reliability campaign auto-approve
f95f86b0-136b-4a2c-9ec0-6977db638da5,cc49a351-0967-4442-ba51-411686cadffe,1968ebc3-d35b-46e3-b6f8-93edbb062fac,cd8c06ce-9a73-5554-bbf2-a8839547de58,publisher,approve,demo@gp.local,2026-09-28 14:22:54.494612+00:00,reliability campaign auto-approve
a9cafe17-9215-43ba-a390-4fba084c4afb,22f38032-0d61-4213-aaf6-be8feaa36918,c41d4286-2011-4d3d-b94e-d581d6503d2e,e0defd08-4538-5050-95cd-b859408cd60e,email,approve,demo@gp.local,2026-09-28 14:22:56.024925+00:00,reliability campaign auto-approve
b7d12c0b-a864-47c9-9de8-efd8bf195745,0bcf889d-b6b6-410e-9f7b-a41f3775f3e8,1353dd7e-2f1b-4f44-8c7f-7df874cc3084,cd8c06ce-9a73-5554-bbf2-a8839547de58,publisher,approve,demo@gp.local,2026-09-28 14:22:59.082938+00:00,reliability campaign auto-approve
8f114ad6-7a70-44ae-873c-9b5937957947,46baae2c-50fb-4852-a264-aac8e10beaee,ec031e0a-0a8a-4857-80d2-87550e0ab3d9,e0defd08-4538-5050-95cd-b859408cd60e,email,approve,demo@gp.local,2026-09-28 14:22:59.086061+00:00,reliability campaign auto-approve
4624884c-480c-4512-8deb-305fb16aa64c,68f464c4-dad3-40b8-a318-683f768c496e,8a229100-b1d4-4062-9ef9-e048994ec609,cd8c06ce-9a73-5554-bbf2-a8839547de58,publisher,approve,demo@gp.local,2026-09-28 14:23:02.174363+00:00,reliability campaign auto-approve
01512baf-c9e2-45fb-a452-4065042fca25,3e8d7024-89dd-4f60-855e-cc810bd5853d,1bf36432-a782-4a5c-b4ae-a712aee9a097,e0defd08-4538-5050-95cd-b859408cd60e,email,approve,demo@gp.local,2026-09-28 14:23:03.679677+00:00,reliability campaign auto-approve
89c17b4e-c5be-448d-adc6-64041bbc933a,061cb0b9-e439-4ad7-b98d-6a17e6969fcd,0cbfe49f-9870-4409-8a88-84334e8ba8d6,cd8c06ce-9a73-5554-bbf2-a8839547de58,publisher,approve,demo@gp.local,2026-09-28 14:23:06.739507+00:00,reliability campaign auto-approve
c122fbd3-5bee-4a60-a560-65159feb57c8,6119881e-ae4b-455b-95c3-9dcf4182024a,d324f252-0d23-48b1-ae2e-1fed173568d7,e0defd08-4538-5050-95cd-b859408cd60e,email,approve,demo@gp.local,2026-09-28 14:23:06.770794+00:00,reliability campaign auto-approve
