run_id,workflow_id,workflow_name,status,total_nodes,failed_nodes,created_at,started_at,completed_at
2d524653-5e1c-4f99-9001-831628bb09ba,51ca2078-d99d-5515-b1cf-577aa2f57392,Blog → Video → YouTube,succeeded,4,0,2026-09-28 14:21:51.441542+00:00,2026-09-28 14:21:51.460189+00:00,2026-09-28 14:21:53.017112+00:00
3abcb407-ce3a-4071-991e-1b71b9eeef05,bff55db6-e33c-5279-8976-16568cf7b6af,Blog post,succeeded,2,0,2026-09-28 14:21:51.441657+00:00,2026-09-28 14:21:51.466142+00:00,2026-09-28 14:21:51.501566+00:00
ab438d5c-9024-4cb1-b459-e12c6c2aa50d,0434e415-7152-5c26-b866-31f23447c65d,Research → PDF → Email,succeeded,3,0,2026-09-28 14:21:52.977411+00:00,2026-09-28 14:21:52.990284+00:00,2026-09-28 14:21:54.586559+00:00
28592d55-9c67-499e-b18e-e87dc9895af4,bff55db6-e33c-5279-8976-16568cf7b6af,Blog post,succeeded,2,0,2026-09-28 14:21:54.503773+00:00,2026-09-28 14:21:54.524020+00:00,2026-09-28 14:21:54.554571+00:00
ec4cab5d-8610-4159-81af-21b3846c1e3b,51ca2078-d99d-5515-b1cf-577aa2f57392,Blog → Video → YouTube,succeeded,4,0,2026-09-28 14:21:56.058468+00:00,2026-09-28 14:21:56.077209+00:00,2026-09-28 14:21:57.656570+00:00
e3536aa9-08d4-41ce-b46e-fc6e21a50238,0434e415-7152-5c26-b866-31f23447c65d,Research → PDF → Email,succeeded,3,0,2026-09-28 14:21:56.078901+00:00,2026-09-28 14:21:56.093433+00:00,2026-09-28 14:21:57.663873+00:00
f868ca0a-abb4-4483-81b5-8eceee9f0a41,51ca2078-d99d-5515-b1cf-577aa2f57392,Blog → Video → YouTube,succeeded,4,0,2026-09-28 14:21:59.168661+00:00,2026-09-28 14:21:59.185701+00:00,2026-09-28 14:22:00.731994+00:00
ae87bef2-db95-4385-bf3b-793776cfa7ab,bff55db6-e33c-5279-8976-16568cf7b6af,Blog post,succeeded,2,0,2026-09-28 14:21:59.168823+00:00,2026-09-28 14:21:59.183371+00:00,2026-09-28 14:21:59.218136+00:00
7231cc42-63b9-484b-a517-44fe6b636880,0434e415-7152-5c26-b866-31f23447c65d,Research → PDF → Email,succeeded,3,0,2026-09-28 14:22:00.722885+00:00,2026-09-28 14:22:00.734710+00:00,2026-09-28 14:22:02.289716+00:00
17dabedb-e01d-421e-8c48-9afa3b42a5c9,bff55db6-e33c-5279-8976-16568cf7b6af,Blog post,succeeded,2,0,2026-09-28 14:22:02.217795+00:00,2026-09-28 14:22:02.230348+00:00,2026-09-28 14:22:02.256298+00:00
f421434b-cc52-4b92-93b3-65ee9156f466,51ca2078-d99d-5515-b1cf-577aa2f57392,Blog → Video → YouTube,succeeded,4,0,2026-09-28 14:22:03.765708+00:00,2026-09-28 14:22:03.782981+00:00,2026-09-28 14:22:05.336973+00:00
611eb4bf-f3c8-4393-a34a-eaa73fbdb61a,0434e415-7152-5c26-b866-31f23447c65d,Research → PDF → Email,succeeded,3,0,2026-09-28 14:22:03.803274+00:00,2026-09-28 14:22:03.818926+00:00,2026-09-28 14:22:05.378065+00:00
37dab09b-de28-4b62-83d2-b78196e06d26,bff55db6-e33c-5279-8976-16568cf7b6af,Blog post,succeeded,2,0,2026-09-28 14:22:06.828738+00:00,2026-09-28 14:22:06.845025+00:00,2026-09-28 14:22:06.875845+00:00
fba82f7f-f828-4bd7-afde-5ceeab9ae1a7,51ca2078-d99d-5515-b1cf-577aa2f57392,Blog → Video → YouTube,succeeded,4,0,2026-09-28 14:22:06.891514+00:00,2026-09-28 14:22:06.905934+00:00,2026-09-28 14:22:08.456094+00:00
9970ca74-bd2b-4cf9-82ba-bd9d43248d4e,0434e415-7152-5c26-b866-31f23447c65d,Research → PDF → Email,succeeded,3,0,2026-09-28 14:22:08.363991+00:00,2026-09-28 14:22:08.379274+00:00,2026-09-28 14:22:09.931831+00:00
f09cfb54-17d0-42ce-ad5c-0db4dccd1e50,bff55db6-e33c-5279-8976-16568cf7b6af,Blog post,succeeded,2,0,2026-09-28 14:22:09.963506+00:00,2026-09-28 14:22:09.975188+00:00,2026-09-28 14:22:10.005191+00:00
3bca30e1-d285-4b43-af9e-a5fd2279df6d,51ca2078-d99d-5515-b1cf-577aa2f57392,Blog → Video → YouTube,succeeded,4,0,2026-09-28 14:22:11.433040+00:00,2026-09-28 14:22:11.461389+00:00,2026-09-28 14:22:13.024478+00:00
f064136d-9386-4e4f-8297-2e15e6ec9546,0434e415-7152-5c26-b866-31f23447c65d,Research → PDF → Email,succeeded,3,0,2026-09-28 14:22:11.503235+00:00,2026-09-28 14:22:11.518034+00:00,2026-09-28 14:22:13.078052+00:00
68cbf445-1ae7-423c-a1f3-7d0a4f1e227b,bff55db6-e33c-5279-8976-16568cf7b6af,Blog post,succeeded,2,0,2026-09-28 14:22:14.514757+00:00,2026-09-28 14:22:14.527008+00:00,2026-09-28 14:22:14.554950+00:00
d8606072-0e29-4117-ad7c-fc595d60955e,51ca2078-d99d-5515-b1cf-577aa2f57392,Blog → Video → YouTube,succeeded,4,0,2026-09-28 14:22:14.567176+00:00,2026-09-28 14:22:14.579299+00:00,2026-09-28 14:22:16.125706+00:00
1cd668b3-9cc1-44b2-a6f0-0fa39685fab4,0434e415-7152-5c26-b866-31f23447c65d,Research → PDF → Email,succeeded,3,0,2026-09-28 14:22:16.040078+00:00,2026-09-28 14:22:16.060847+00:00,2026-09-28 14:22:17.602257+00:00
2c33be7a-f3f1-4f12-88d4-7140d2225468,bff55db6-e33c-5279-8976-16568cf7b6af,Blog post,succeeded,2,0,2026-09-28 14:22:17.631638+00:00,2026-09-28 14:22:17.643333+00:00,2026-09-28 14:22:17.670334+00:00
1c082dc5-5a19-4c1f-bf1e-2ac447f462e4,51ca2078-d99d-5515-b1cf-577aa2f57392,Blog → Video → YouTube,succeeded,4,0,2026-09-28 14:22:19.092903+00:00,2026-09-28 14:22:19.105642+00:00,2026-09-28 14:22:20.675072+00:00
45260562-9d5d-4d59-bb28-fea2708a2b4e,0434e415-7152-5c26-b866-31f23447c65d,Research → PDF → Email,succeeded,3,0,2026-09-28 14:22:19.178288+00:00,2026-09-28 14:22:19.192501+00:00,2026-09-28 14:22:20.733929+00:00
3880d4be-6f06-4eed-98a7-43f546063bb2,bff55db6-e33c-5279-8976-16568cf7b6af,Blog post,succeeded,2,0,2026-09-28 14:22:22.176501+00:00,2026-09-28 14:22:22.196961+00:00,2026-09-28 14:22:22.226360+00:00
2b191824-dde4-4270-8be0-8d07b3edcf8f,51ca2078-d99d-5515-b1cf-577aa2f57392,Blog → Video → YouTube,succeeded,4,0,2026-09-28 14:22:22.224337+00:00,2026-09-28 14:22:22.238511+00:00,2026-09-28 14:22:23.799753+00:00
7aafef56-3838-4916-a050-7f85a72cc86e,0434e415-7152-5c26-b866-31f23447c65d,Research → PDF → Email,succeeded,3,0,2026-09-28 14:22:23.709485+00:00,2026-09-28 14:22:23.722882+00:00,2026-09-28 14:22:25.272506+00:00
be5051fe-1ac0-4eff-83b9-1d9c59db804e,bff55db6-e33c-5279-8976-16568cf7b6af,Blog post,succeeded,2,0,2026-09-28 14:22:25.289861+00:00,2026-09-28 14:22:25.301876+00:00,2026-09-28 14:22:25.331644+00:00
d3c4bad6-c55b-4d0b-a5d4-d986832d1419,51ca2078-d99d-5515-b1cf-577aa2f57392,Blog → Video → YouTube,succeeded,4,0,2026-09-28 14:22:26.778820+00:00,2026-09-28 14:22:26.790948+00:00,2026-09-28 14:22:28.369661+00:00
5563bee2-14f7-4c76-9f79-e56593bbd4f0,0434e415-7152-5c26-b866-31f23447c65d,Research → PDF → Email,succeeded,3,0,2026-09-28 14:22:26.854644+00:00,2026-09-28 14:22:26.866544+00:00,2026-09-28 14:22:28.409558+00:00
d0828d24-e3c3-4e0e-87ae-fa428a082f8e,bff55db6-e33c-5279-8976-16568cf7b6af,Blog post,succeeded,2,0,2026-09-28 14:22:29.856430+00:00,2026-09-28 14:22:29.871322+00:00,2026-09-28 14:22:29.900254+00:00
db8279a3-b036-4e6f-ae9b-8a5cce336b68,51ca2078-d99d-5515-b1cf-577aa2f57392,Blog → Video → YouTube,succeeded,4,0,2026-09-28 14:22:29.899304+00:00,2026-09-28 14:22:29.911973+00:00,2026-09-28 14:22:31.463908+00:00
076fe070-fa70-496f-b156-88d9ff8ce961,0434e415-7152-5c26-b866-31f23447c65d,Research → PDF → Email,succeeded,3,0,2026-09-28 14:22:31.405315+00:00,2026-09-28 14:22:31.418195+00:00,2026-09-28 14:22:32.973136+00:00
a160d066-2f75-452e-a69d-6bee0d37e887,bff55db6-e33c-5279-8976-16568cf7b6af,Blog post,succeeded,2,0,2026-09-28 14:22:32.952542+00:00,2026-09-28 14:22:32.966486+00:00,2026-09-28 14:22:32.997061+00:00
6d953ade-0506-4676-be67-9ab8ae67defc,51ca2078-d99d-5515-b1cf-577aa2f57392,Blog → Video → YouTube,succeeded,4,0,2026-09-28 14:22:34.461938+00:00,2026-09-28 14:22:34.484697+00:00,2026-09-28 14:22:36.059040+00:00
d2b4cbd7-44e6-49eb-9b45-37128608f2ca,0434e415-7152-5c26-b866-31f23447c65d,Research → PDF → Email,succeeded,3,0,2026-09-28 14:22:34.492927+00:00,2026-09-28 14:22:34.507276+00:00,2026-09-28 14:22:36.065950+00:00
077a2c8a-9a29-419c-81ac-c6a3f3475efc,51ca2078-d99d-5515-b1cf-577aa2f57392,Blog → Video → YouTube,succeeded,4,0,2026-09-28 14:22:37.550436+00:00,2026-09-28 14:22:37.563982+00:00,2026-09-28 14:22:39.122735+00:00
849c43a5-8539-4d45-9a56-06e4a8494034,bff55db6-e33c-5279-8976-16568cf7b6af,Blog post,succeeded,2,0,2026-09-28 14:22:37.554982+00:00,2026-09-28 14:22:37.567966+00:00,2026-09-28 14:22:37.602305+00:00
1c083e49-74bc-4e53-b9d1-c9b5e4905d7d,0434e415-7152-5c26-b866-31f23447c65d,Research → PDF → Email,succeeded,3,0,2026-09-28 14:22:39.123009+00:00,2026-09-28 14:22:39.135665+00:00,2026-09-28 14:22:40.678549+00:00
b1418212-d8d0-4379-b108-cf06a88b3731,bff55db6-e33c-5279-8976-16568cf7b6af,Blog post,succeeded,2,0,2026-09-28 14:22:40.610885+00:00,2026-09-28 14:22:40.623102+00:00,2026-09-28 14:22:40.653599+00:00
d65d6f83-0c18-4bd2-902e-db3f04f9490d,51ca2078-d99d-5515-b1cf-577aa2f57392,Blog → Video → YouTube,succeeded,4,0,2026-09-28 14:22:42.148259+00:00,2026-09-28 14:22:42.161949+00:00,2026-09-28 14:22:43.709850+00:00
af19a8e5-e3ab-4555-a8bc-b073d10e1d3c,0434e415-7152-5c26-b866-31f23447c65d,Research → PDF → Email,succeeded,3,0,2026-09-28 14:22:42.170352+00:00,2026-09-28 14:22:42.185794+00:00,2026-09-28 14:22:43.730041+00:00
54441d14-6f20-4d0b-a348-b60b8b1356ad,bff55db6-e33c-5279-8976-16568cf7b6af,Blog post,succeeded,2,0,2026-09-28 14:22:45.197261+00:00,2026-09-28 14:22:45.211941+00:00,2026-09-28 14:22:45.246234+00:00
2e47d0a3-a2f3-4d2f-8a9a-c3f30398a7af,51ca2078-d99d-5515-b1cf-577aa2f57392,Blog → Video → YouTube,succeeded,4,0,2026-09-28 14:22:45.220032+00:00,2026-09-28 14:22:45.232390+00:00,2026-09-28 14:22:46.799026+00:00
2b074d8e-6af3-44dc-a4bf-8f1bc569c041,0434e415-7152-5c26-b866-31f23447c65d,Research → PDF → Email,succeeded,3,0,2026-09-28 14:22:46.751671+00:00,2026-09-28 14:22:46.766381+00:00,2026-09-28 14:22:48.359895+00:00
ae13e1a4-5f49-4538-81ca-e210009abb24,bff55db6-e33c-5279-8976-16568cf7b6af,Blog post,succeeded,2,0,2026-09-28 14:22:48.305328+00:00,2026-09-28 14:22:48.320307+00:00,2026-09-28 14:22:48.357603+00:00
3c3ed17d-5919-4039-b91f-ee474fe4d59c,51ca2078-d99d-5515-b1cf-577aa2f57392,Blog → Video → YouTube,succeeded,4,0,2026-09-28 14:22:49.842430+00:00,2026-09-28 14:22:49.863206+00:00,2026-09-28 14:22:51.413589+00:00
a0c02565-b597-4c81-8177-a4b3ecccfa74,0434e415-7152-5c26-b866-31f23447c65d,Research → PDF → Email,succeeded,3,0,2026-09-28 14:22:49.854130+00:00,2026-09-28 14:22:49.871713+00:00,2026-09-28 14:22:51.457158+00:00
70a94271-efc9-4002-b844-75d60a9af4fa,bff55db6-e33c-5279-8976-16568cf7b6af,Blog post,succeeded,2,0,2026-09-28 14:22:52.919777+00:00,2026-09-28 14:22:52.940383+00:00,2026-09-28 14:22:52.975903+00:00
1968ebc3-d35b-46e3-b6f8-93edbb062fac,51ca2078-d99d-5515-b1cf-577aa2f57392,Blog → Video → YouTube,succeeded,4,0,2026-09-28 14:22:52.948092+00:00,2026-09-28 14:22:52.964120+00:00,2026-09-28 14:22:54.526972+00:00
c41d4286-2011-4d3d-b94e-d581d6503d2e,0434e415-7152-5c26-b866-31f23447c65d,Research → PDF → Email,succeeded,3,0,2026-09-28 14:22:54.468008+00:00,2026-09-28 14:22:54.490850+00:00,2026-09-28 14:22:56.057258+00:00
d73b8e55-c76b-49a4-8be7-69d17c91658a,bff55db6-e33c-5279-8976-16568cf7b6af,Blog post,succeeded,2,0,2026-09-28 14:22:56.015736+00:00,2026-09-28 14:22:56.030614+00:00,2026-09-28 14:22:56.064734+00:00
1353dd7e-2f1b-4f44-8c7f-7df874cc3084,51ca2078-d99d-5515-b1cf-577aa2f57392,Blog → Video → YouTube,succeeded,4,0,2026-09-28 14:22:57.548647+00:00,2026-09-28 14:22:57.565347+00:00,2026-09-28 14:22:59.125137+00:00
ec031e0a-0a8a-4857-80d2-87550e0ab3d9,0434e415-7152-5c26-b866-31f23447c65d,Research → PDF → Email,succeeded,3,0,2026-09-28 14:22:57.549977+00:00,2026-09-28 14:22:57.566874+00:00,2026-09-28 14:22:59.133758+00:00
7eec0990-a4b5-4622-9b17-195e950fa452,bff55db6-e33c-5279-8976-16568cf7b6af,Blog post,succeeded,2,0,2026-09-28 14:23:00.614259+00:00,2026-09-28 14:23:00.630714+00:00,2026-09-28 14:23:00.665072+00:00
8a229100-b1d4-4062-9ef9-e048994ec609,51ca2078-d99d-5515-b1cf-577aa2f57392,Blog → Video → YouTube,succeeded,4,0,2026-09-28 14:23:00.645730+00:00,2026-09-28 14:23:00.658282+00:00,2026-09-28 14:23:02.210501+00:00
1bf36432-a782-4a5c-b4ae-a712aee9a097,0434e415-7152-5c26-b866-31f23447c65d,Research → PDF → Email,succeeded,3,0,2026-09-28 14:23:02.148438+00:00,2026-09-28 14:23:02.162117+00:00,2026-09-28 14:23:03.714621+00:00
b06c682b-25bd-4861-baaf-6945cdc5a90c,bff55db6-e33c-5279-8976-16568cf7b6af,Blog post,succeeded,2,0,2026-09-28 14:23:03.698171+00:00,2026-09-28 14:23:03.712921+00:00,2026-09-28 14:23:03.744588+00:00
0cbfe49f-9870-4409-8a88-84334e8ba8d6,51ca2078-d99d-5515-b1cf-577aa2f57392,Blog → Video → YouTube,succeeded,4,0,2026-09-28 14:23:05.201318+00:00,2026-09-28 14:23:05.224854+00:00,2026-09-28 14:23:06.780005+00:00
d324f252-0d23-48b1-ae2e-1fed173568d7,0434e415-7152-5c26-b866-31f23447c65d,Research → PDF → Email,succeeded,3,0,2026-09-28 14:23:05.242935+00:00,2026-09-28 14:23:05.258493+00:00,2026-09-28 14:23:06.800377+00:00
