log_id,run_id,node_id,agent_type,status,retry_count,duration_ms,error_message
4566f101-1ed1-4558-994b-506fade6b85e,076fe070-fa70-496f-b156-88d9ff8ce961,b04752d3-1a6d-5ac2-8a90-330c7fc80994,researcher,success,0,7,
70fdc087-20de-474c-a2ab-76e2b26be1c6,076fe070-fa70-496f-b156-88d9ff8ce961,ff2deabb-bc36-53f6-ac30-24a392251dc7,writer,success,0,7,
a91a69f4-54a7-4ab1-ada2-f6bd68de1e67,076fe070-fa70-496f-b156-88d9ff8ce961,e0defd08-4538-5050-95cd-b859408cd60e,email,success,0,8,
5598cc6a-f7eb-43b2-9ed5-95f8beb93500,077a2c8a-9a29-419c-81ac-c6a3f3475efc,5e6fc677-2804-5db9-b058-522712f88c3a,researcher,success,0,9,
5c7f9e02-a1c0-4cb1-a77a-bfe636ac1f5f,077a2c8a-9a29-419c-81ac-c6a3f3475efc,90c7df62-77c8-59c0-af5f-054a3ec965e7,writer,success,0,9,
34955c27-1dc7-4db6-9020-e9cfca56b339,077a2c8a-9a29-419c-81ac-c6a3f3475efc,2aa8cbcf-3044-511d-b061-d25a4f7e3374,video,success,0,186,
798049c6-7745-4749-84f9-865fad91ef51,077a2c8a-9a29-419c-81ac-c6a3f3475efc,cd8c06ce-9a73-5554-bbf2-a8839547de58,publisher,success,0,8,
26700a77-854a-4306-b36b-27913fd30166,0cbfe49f-9870-4409-8a88-84334e8ba8d6,5e6fc677-2804-5db9-b058-522712f88c3a,researcher,success,0,8,
541986c7-1954-4afc-95fa-040929951257,0cbfe49f-9870-4409-8a88-84334e8ba8d6,90c7df62-77c8-59c0-af5f-054a3ec965e7,writer,success,0,10,
432263da-faf9-4995-8b3e-ec1f26b891b4,0cbfe49f-9870-4409-8a88-84334e8ba8d6,2aa8cbcf-3044-511d-b061-d25a4f7e3374,video,success,0,185,
061cb0b9-e439-4ad7-b98d-6a17e6969fcd,0cbfe49f-9870-4409-8a88-84334e8ba8d6,cd8c06ce-9a73-5554-bbf2-a8839547de58,publisher,success,0,8,
2f8b70db-26ba-4465-84a2-486e2bad70d6,1353dd7e-2f1b-4f44-8c7f-7df874cc3084,5e6fc677-2804-5db9-b058-522712f88c3a,researcher,success,0,9,
c3145cbf-5b24-495e-862b-72e5ea45950d,1353dd7e-2f1b-4f44-8c7f-7df874cc3084,90c7df62-77c8-59c0-af5f-054a3ec965e7,writer,success,0,8,
3c14dd97-0f5f-4ddd-849c-40dcd85a24f7,1353dd7e-2f1b-4f44-8c7f-7df874cc3084,2aa8cbcf-3044-511d-b061-d25a4f7e3374,video,success,0,207,
0bcf889d-b6b6-410e-9f7b-a41f3775f3e8,1353dd7e-2f1b-4f44-8c7f-7df874cc3084,cd8c06ce-9a73-5554-bbf2-a8839547de58,publisher,success,0,8,
568c332d-aaf7-4866-a341-0024cae8cb92,17dabedb-e01d-421e-8c48-9afa3b42a5c9,cd234964-f8b7-5bec-b79e-081021e86959,researcher,success,0,7,
96091d06-6355-4e3b-9e28-6a0d49688d3a,17dabedb-e01d-421e-8c48-9afa3b42a5c9,fe431873-57bd-5f5e-b4ef-f0b24bdd08a1,writer,success,0,7,
ef9842c6-0a99-4ac7-b4e1-b48e456bed7b,1968ebc3-d35b-46e3-b6f8-93edbb062fac,5e6fc677-2804-5db9-b058-522712f88c3a,researcher,success,0,9,
48c3d8fa-dfbc-4219-8cef-13bb98438572,1968ebc3-d35b-46e3-b6f8-93edbb062fac,90c7df62-77c8-59c0-af5f-054a3ec965e7,writer,success,0,7,
8598e89e-bfac-4f68-afb6-f12debbf0178,1968ebc3-d35b-46e3-b6f8-93edbb062fac,2aa8cbcf-3044-511d-b061-d25a4f7e3374,video,success,0,211,
cc49a351-0967-4442-ba51-411686cadffe,1968ebc3-d35b-46e3-b6f8-93edbb062fac,cd8c06ce-9a73-5554-bbf2-a8839547de58,publisher,success,0,8,
22270c71-8ac9-41c9-85a0-66927b7a9e3e,1bf36432-a782-4a5c-b4ae-a712aee9a097,b04752d3-1a6d-5ac2-8a90-330c7fc80994,researcher,success,0,8,
685dd58f-7450-4597-9dd9-f532606d87a5,1bf36432-a782-4a5c-b4ae-a712aee9a097,ff2deabb-bc36-53f6-ac30-24a392251dc7,writer,success,0,10,
3e8d7024-89dd-4f60-855e-cc810bd5853d,1bf36432-a782-4a5c-b4ae-a712aee9a097,e0defd08-4538-5050-95cd-b859408cd60e,email,success,0,10,
2f863240-9554-41db-844f-18212d3823c8,1c082dc5-5a19-4c1f-bf1e-2ac447f462e4,5e6fc677-2804-5db9-b058-522712f88c3a,researcher,success,0,8,
f2913195-6017-4cd7-a389-521f4fb71abf,1c082dc5-5a19-4c1f-bf1e-2ac447f462e4,90c7df62-77c8-59c0-af5f-054a3ec965e7,writer,success,0,8,
5f4ec4ea-c2cd-4930-ab9f-f09594a8d966,1c082dc5-5a19-4c1f-bf1e-2ac447f462e4,2aa8cbcf-3044-511d-b061-d25a4f7e3374,video,success,0,193,
710707ce-37ad-4a0b-9baa-af11e455e6f0,1c082dc5-5a19-4c1f-bf1e-2ac447f462e4,cd8c06ce-9a73-5554-bbf2-a8839547de58,publisher,success,0,7,
312819a7-3bd0-4b7d-a1e7-29af3c4f53df,1c083e49-74bc-4e53-b9d1-c9b5e4905d7d,b04752d3-1a6d-5ac2-8a90-330c7fc80994,researcher,success,0,8,
6f4cfd2d-f7ce-4bb2-9781-9411cb04f62f,1c083e49-74bc-4e53-b9d1-c9b5e4905d7d,ff2deabb-bc36-53f6-ac30-24a392251dc7,writer,success,0,7,
30e6447c-8a33-42cb-8184-7532e53bd087,1c083e49-74bc-4e53-b9d1-c9b5e4905d7d,e0defd08-4538-5050-95cd-b859408cd60e,email,success,0,7,
401a91f3-5e20-49c9-b6e9-fda6ea80d701,1cd668b3-9cc1-44b2-a6f0-0fa39685fab4,b04752d3-1a6d-5ac2-8a90-330c7fc80994,researcher,success,0,7,
69a86faf-1677-4d66-99a3-3efd73e4202e,1cd668b3-9cc1-44b2-a6f0-0fa39685fab4,ff2deabb-bc36-53f6-ac30-24a392251dc7,writer,success,0,9,
668285a5-9f38-453b-8a43-aa7020a8662b,1cd668b3-9cc1-44b2-a6f0-0fa39685fab4,e0defd08-4538-5050-95cd-b859408cd60e,email,success,0,7,
6f230808-d6ae-4f81-8bff-4154e833ea61,28592d55-9c67-499e-b18e-e87dc9895af4,cd234964-f8b7-5bec-b79e-081021e86959,researcher,success,0,8,
44363b34-6a89-46da-9e20-cd5ac01d5d97,28592d55-9c67-499e-b18e-e87dc9895af4,fe431873-57bd-5f5e-b4ef-f0b24bdd08a1,writer,success,0,8,
9000b6bc-3bc1-4f7d-8042-47c304cfe076,2b074d8e-6af3-44dc-a4bf-8f1bc569c041,b04752d3-1a6d-5ac2-8a90-330c7fc80994,researcher,success,0,10,
c83878a1-e97f-4bbe-8ec2-384937a5d572,2b074d8e-6af3-44dc-a4bf-8f1bc569c041,ff2deabb-bc36-53f6-ac30-24a392251dc7,writer,success,0,11,
e3928ba7-cea7-4238-ae44-9f883619c903,2b074d8e-6af3-44dc-a4bf-8f1bc569c041,e0defd08-4538-5050-95cd-b859408cd60e,email,success,0,9,
5b1420d7-bca5-4fc5-9502-b18aed8b01cb,2b191824-dde4-4270-8be0-8d07b3edcf8f,5e6fc677-2804-5db9-b058-522712f88c3a,researcher,success,0,7,
4610d5d0-fd80-49de-98bb-7b2ecfa334f5,2b191824-dde4-4270-8be0-8d07b3edcf8f,90c7df62-77c8-59c0-af5f-054a3ec965e7,writer,success,0,7,
d499ff83-b59a-425b-8e32-3c92624924d9,2b191824-dde4-4270-8be0-8d07b3edcf8f,2aa8cbcf-3044-511d-b061-d25a4f7e3374,video,success,0,187,
2284738a-df15-409e-a9c7-e5dc332c6241,2b191824-dde4-4270-8be0-8d07b3edcf8f,cd8c06ce-9a73-5554-bbf2-a8839547de58,publisher,success,0,7,
0805182f-26e2-444e-8336-39354dfa5ecb,2c33be7a-f3f1-4f12-88d4-7140d2225468,cd234964-f8b7-5bec-b79e-081021e86959,researcher,success,0,7,
5e0841e4-2fe0-4eb1-8a4a-d1f694434f1b,2c33be7a-f3f1-4f12-88d4-7140d2225468,fe431873-57bd-5f5e-b4ef-f0b24bdd08a1,writer,success,0,7,
1e0e39a9-fbfb-4439-bf35-9d6a1d352c89,2d524653-5e1c-4f99-9001-831628bb09ba,5e6fc677-2804-5db9-b058-522712f88c3a,researcher,success,0,9,
f56183f2-6a52-4ab9-931b-9941c730ddd5,2d524653-5e1c-4f99-9001-831628bb09ba,90c7df62-77c8-59c0-af5f-054a3ec965e7,writer,success,0,8,
0dab702c-2844-4db9-afbc-a4f5a6a0216a,2d524653-5e1c-4f99-9001-831628bb09ba,2aa8cbcf-3044-511d-b061-d25a4f7e3374,video,success,0,202,
412ab98d-188f-4573-9065-d5c3439e6db6,2d524653-5e1c-4f99-9001-831628bb09ba,cd8c06ce-9a73-5554-bbf2-a8839547de58,publisher,success,0,8,
f9185ec5-d1e2-4aec-90d2-532eb69b377d,2e47d0a3-a2f3-4d2f-8a9a-c3f30398a7af,5e6fc677-2804-5db9-b058-522712f88c3a,researcher,success,0,10,
e451323b-c9bc-48fc-8280-dfccf47c1eb8,2e47d0a3-a2f3-4d2f-8a9a-c3f30398a7af,90c7df62-77c8-59c0-af5f-054a3ec965e7,writer,success,0,8,
8363fa8a-2736-4b44-9fab-e11a439fc97d,2e47d0a3-a2f3-4d2f-8a9a-c3f30398a7af,2aa8cbcf-3044-511d-b061-d25a4f7e3374,video,success,0,187,
6849e840-5c56-4fc8-a78e-73b65fbd484a,2e47d0a3-a2f3-4d2f-8a9a-c3f30398a7af,cd8c06ce-9a73-5554-bbf2-a8839547de58,publisher,success,0,9,
fa22fcf0-0cb2-4c19-bc49-5d9687abfbed,37dab09b-de28-4b62-83d2-b78196e06d26,cd234964-f8b7-5bec-b79e-081021e86959,researcher,success,0,8,
c368a2ec-e582-43aa-afc0-49b01b245ea1,37dab09b-de28-4b62-83d2-b78196e06d26,fe431873-57bd-5f5e-b4ef-f0b24bdd08a1,writer,success,0,8,
170fab99-8438-437b-8325-f042becf49d2,3880d4be-6f06-4eed-98a7-43f546063bb2,cd234964-f8b7-5bec-b79e-081021e86959,researcher,success,0,8,
adc695e4-0450-459c-97d4-36660648c5e3,3880d4be-6f06-4eed-98a7-43f546063bb2,fe431873-57bd-5f5e-b4ef-f0b24bdd08a1,writer,success,0,7,
3a2a7d26-1563-4a4c-bd6f-c9755496af8b,3abcb407-ce3a-4071-991e-1b71b9eeef05,cd234964-f8b7-5bec-b79e-081021e86959,researcher,success,0,8,
307d2d98-6615-41dc-99ab-e5a96f9bb2ff,3abcb407-ce3a-4071-991e-1b71b9eeef05,fe431873-57bd-5f5e-b4ef-f0b24bdd08a1,writer,success,0,8,
742631ff-6e5d-4936-b7b0-4aaf8b040d2e,3bca30e1-d285-4b43-af9e-a5fd2279df6d,5e6fc677-2804-5db9-b058-522712f88c3a,researcher,success,0,7,
950ff832-8174-4ede-a807-99706962db29,3bca30e1-d285-4b43-af9e-a5fd2279df6d,90c7df62-77c8-59c0-af5f-054a3ec965e7,writer,success,0,8,
12705145-35b2-4b6a-a76f-5dedfca90277,3bca30e1-d285-4b43-af9e-a5fd2279df6d,2aa8cbcf-3044-511d-b061-d25a4f7e3374,video,success,0,209,
cdb2a7d0-8efd-43a4-994e-3fc99ac24e8e,3bca30e1-d285-4b43-af9e-a5fd2279df6d,cd8c06ce-9a73-5554-bbf2-a8839547de58,publisher,success,0,7,
c5a69e05-3cbb-4780-8d04-49fa5ecf0c61,3c3ed17d-5919-4039-b91f-ee474fe4d59c,5e6fc677-2804-5db9-b058-522712f88c3a,researcher,success,0,9,
a37092cd-b183-463f-92bb-59a07d9c6b90,3c3ed17d-5919-4039-b91f-ee474fe4d59c,90c7df62-77c8-59c0-af5f-054a3ec965e7,writer,success,0,10,
8ffef697-1f1f-4c3d-be96-0e2788e522e8,3c3ed17d-5919-4039-b91f-ee474fe4d59c,2aa8cbcf-3044-511d-b061-d25a4f7e3374,video,success,0,219,
417db65a-eda3-4207-bdd5-07ae4f6f5d5e,3c3ed17d-5919-4039-b91f-ee474fe4d59c,cd8c06ce-9a73-5554-bbf2-a8839547de58,publisher,success,0,10,
71132ff5-f4e3-4a99-a0c0-d8cb7101aee7,45260562-9d5d-4d59-bb28-fea2708a2b4e,b04752d3-1a6d-5ac2-8a90-330c7fc80994,researcher,success,0,8,
6c6c4415-41ac-4eb8-a495-961bb093548d,45260562-9d5d-4d59-bb28-fea2708a2b4e,ff2deabb-bc36-53f6-ac30-24a392251dc7,writer,success,0,14,
67c3fbaf-2a65-4000-8004-bb305a83d7f8,45260562-9d5d-4d59-bb28-fea2708a2b4e,e0defd08-4538-5050-95cd-b859408cd60e,email,success,0,7,
b121d2ea-9220-4288-a721-51d910d5bf8b,54441d14-6f20-4d0b-a348-b60b8b1356ad,cd234964-f8b7-5bec-b79e-081021e86959,researcher,success,0,8,
fe1c7b9b-57d1-4e01-8ab8-afa492775f52,54441d14-6f20-4d0b-a348-b60b8b1356ad,fe431873-57bd-5f5e-b4ef-f0b24bdd08a1,writer,success,0,9,
f086766b-f42c-4649-a915-2ef9e42c9007,5563bee2-14f7-4c76-9f79-e56593bbd4f0,b04752d3-1a6d-5ac2-8a90-330c7fc80994,researcher,success,0,7,
348dda6f-e9b1-495f-97db-aca56103ef40,5563bee2-14f7-4c76-9f79-e56593bbd4f0,ff2deabb-bc36-53f6-ac30-24a392251dc7,writer,success,0,7,
0bca99fe-ed2d-425c-9580-f8b77dac025d,5563bee2-14f7-4c76-9f79-e56593bbd4f0,e0defd08-4538-5050-95cd-b859408cd60e,email,success,0,7,
c85ed1f3-a658-4f52-bd52-6dc3a0a5eda6,611eb4bf-f3c8-4393-a34a-eaa73fbdb61a,b04752d3-1a6d-5ac2-8a90-330c7fc80994,researcher,success,0,8,
5573b095-18e7-48c0-875d-cd05f027ae98,611eb4bf-f3c8-4393-a34a-eaa73fbdb61a,ff2deabb-bc36-53f6-ac30-24a392251dc7,writer,success,0,8,
1ebd9212-5120-485d-95c8-e69b87d33ebb,611eb4bf-f3c8-4393-a34a-eaa73fbdb61a,e0defd08-4538-5050-95cd-b859408cd60e,email,success,0,7,
8488a277-3cb2-4cdb-ad8c-d177fbd16269,68cbf445-1ae7-423c-a1f3-7d0a4f1e227b,cd234964-f8b7-5bec-b79e-081021e86959,researcher,success,0,7,
988b81d5-314b-4e28-9ce0-f4ff944992c0,68cbf445-1ae7-423c-a1f3-7d0a4f1e227b,fe431873-57bd-5f5e-b4ef-f0b24bdd08a1,writer,success,0,7,
27f8aa20-5060-4e97-9d2e-15f0a42a6e13,6d953ade-0506-4676-be67-9ab8ae67defc,5e6fc677-2804-5db9-b058-522712f88c3a,researcher,success,0,8,
03e5e86f-07f1-4dd5-b9e5-6d12e4593ee2,6d953ade-0506-4676-be67-9ab8ae67defc,90c7df62-77c8-59c0-af5f-054a3ec965e7,writer,success,0,9,
ac734f73-0239-464e-b2f9-f00c2dfd7b32,6d953ade-0506-4676-be67-9ab8ae67defc,2aa8cbcf-3044-511d-b061-d25a4f7e3374,video,success,0,188,
ffa4fff8-368a-49f1-804f-ec4a05a38ff8,6d953ade-0506-4676-be67-9ab8ae67defc,cd8c06ce-9a73-5554-bbf2-a8839547de58,publisher,success,0,8,
59b3b66d-64af-4a01-9ba0-121739e4f97c,70a94271-efc9-4002-b844-75d60a9af4fa,cd234964-f8b7-5bec-b79e-081021e86959,researcher,success,0,11,
c7847f76-ab20-4128-bcfb-89c38a419fdc,70a94271-efc9-4002-b844-75d60a9af4fa,fe431873-57bd-5f5e-b4ef-f0b24bdd08a1,writer,success,0,8,
8b056b20-04b8-4159-a8cb-861ec5cc24ac,7231cc42-63b9-484b-a517-44fe6b636880,b04752d3-1a6d-5ac2-8a90-330c7fc80994,researcher,success,0,7,
cbc4d4bb-bdff-42ae-a419-2e0e904e5816,7231cc42-63b9-484b-a517-44fe6b636880,ff2deabb-bc36-53f6-ac30-24a392251dc7,writer,success,0,8,
1292b91d-a845-47de-9396-9dbe3e877abf,7231cc42-63b9-484b-a517-44fe6b636880,e0defd08-4538-5050-95cd-b859408cd60e,email,success,0,6,
0ae11312-e862-4844-b3e4-6f20f8ce635a,7aafef56-3838-4916-a050-7f85a72cc86e,b04752d3-1a6d-5ac2-8a90-330c7fc80994,researcher,success,0,8,
44361af9-75ee-445d-b1fa-cf3515781b5e,7aafef56-3838-4916-a050-7f85a72cc86e,ff2deabb-bc36-53f6-ac30-24a392251dc7,writer,success,0,7,
49616424-eb67-43a7-9961-32e78407f90f,7aafef56-3838-4916-a050-7f85a72cc86e,e0defd08-4538-5050-95cd-b859408cd60e,email,success,0,7,
b08a6332-4fa6-4780-a0e8-2ff1d5be7a39,7eec0990-a4b5-4622-9b17-195e950fa452,cd234964-f8b7-5bec-b79e-081021e86959,researcher,success,0,10,
2e8d4669-5f66-47ef-ab6a-d134c1b7453b,7eec0990-a4b5-4622-9b17-195e950fa452,fe431873-57bd-5f5e-b4ef-f0b24bdd08a1,writer,success,0,9,
0831d97f-f9d3-47a3-ab9a-5849826b5849,849c43a5-8539-4d45-9a56-06e4a8494034,cd234964-f8b7-5bec-b79e-081021e86959,researcher,success,0,9,
1e550418-aa20-4cbf-ba3c-02f34d9f9e63,849c43a5-8539-4d45-9a56-06e4a8494034,fe431873-57bd-5f5e-b4ef-f0b24bdd08a1,writer,success,0,8,
6eb63c28-72f8-4c5f-8acc-a47ac4c6bb8f,8a229100-b1d4-4062-9ef9-e048994ec609,5e6fc677-2804-5db9-b058-522712f88c3a,researcher,success,0,8,
eee9a41b-9653-46cb-95c9-4b67cc1f8b6d,8a229100-b1d4-4062-9ef9-e048994ec609,90c7df62-77c8-59c0-af5f-054a3ec965e7,writer,success,0,8,
9d30fc14-2549-41d1-abdf-568078812625,8a229100-b1d4-4062-9ef9-e048994ec609,2aa8cbcf-3044-511d-b061-d25a4f7e3374,video,success,0,191,
68f464c4-dad3-40b8-a318-683f768c496e,8a229100-b1d4-4062-9ef9-e048994ec609,cd8c06ce-9a73-5554-bbf2-a8839547de58,publisher,success,0,8,
8d1fb62c-27be-4b3a-9c65-bf84bbdf43f8,9970ca74-bd2b-4cf9-82ba-bd9d43248d4e,b04752d3-1a6d-5ac2-8a90-330c7fc80994,researcher,success,0,8,
6b99833a-5c20-4efb-829f-3c75c05f0038,9970ca74-bd2b-4cf9-82ba-bd9d43248d4e,ff2deabb-bc36-53f6-ac30-24a392251dc7,writer,success,0,10,
fadab079-f85a-45db-b7f5-5586d4209749,9970ca74-bd2b-4cf9-82ba-bd9d43248d4e,e0defd08-4538-5050-95cd-b859408cd60e,email,success,0,7,
2b0fa38a-8bc0-47aa-99e7-b4eca7f7ff92,a0c02565-b597-4c81-8177-a4b3ecccfa74,b04752d3-1a6d-5ac2-8a90-330c7fc80994,researcher,success,0,9,
11512279-06de-4398-babc-e667455fd5ae,a0c02565-b597-4c81-8177-a4b3ecccfa74,ff2deabb-bc36-53f6-ac30-24a392251dc7,writer,success,0,9,
1f08105b-943d-4be8-87d9-93c9b3e44462,a0c02565-b597-4c81-8177-a4b3ecccfa74,e0defd08-4538-5050-95cd-b859408cd60e,email,success,0,8,
211fb72e-1e7f-45eb-881a-38b22eb4f670,a160d066-2f75-452e-a69d-6bee0d37e887,cd234964-f8b7-5bec-b79e-081021e86959,researcher,success,0,8,
5e3c0a93-5f71-472e-9908-b89c8fffba94,a160d066-2f75-452e-a69d-6bee0d37e887,fe431873-57bd-5f5e-b4ef-f0b24bdd08a1,writer,success,0,8,
0e6c454f-5cef-42ab-beb6-39739e42c227,ab438d5c-9024-4cb1-b459-e12c6c2aa50d,b04752d3-1a6d-5ac2-8a90-330c7fc80994,researcher,success,0,8,
de9da226-3a8d-4491-8440-eb1263cb8e27,ab438d5c-9024-4cb1-b459-e12c6c2aa50d,ff2deabb-bc36-53f6-ac30-24a392251dc7,writer,success,0,8,
6e7efe55-0b93-4f67-a0dc-381b955cf565,ab438d5c-9024-4cb1-b459-e12c6c2aa50d,e0defd08-4538-5050-95cd-b859408cd60e,email,success,0,7,
268ef1f4-962b-4da5-b065-28c11da444a0,ae13e1a4-5f49-4538-81ca-e210009abb24,cd234964-f8b7-5bec-b79e-081021e86959,researcher,success,0,10,
d87b1e20-0624-4641-acf9-c420d1c31c05,ae13e1a4-5f49-4538-81ca-e210009abb24,fe431873-57bd-5f5e-b4ef-f0b24bdd08a1,writer,success,0,11,
d1a3044c-4a19-41ce-8b0f-bdba1646f019,ae87bef2-db95-4385-bf3b-793776cfa7ab,cd234964-f8b7-5bec-b79e-081021e86959,researcher,success,0,8,
60ea7a4b-517e-49ff-9d98-46f7de78dd12,ae87bef2-db95-4385-bf3b-793776cfa7ab,fe431873-57bd-5f5e-b4ef-f0b24bdd08a1,writer,success,0,9,
a5b323d6-ddcf-48f2-bcdc-650d815b0063,af19a8e5-e3ab-4555-a8bc-b073d10e1d3c,b04752d3-1a6d-5ac2-8a90-330c7fc80994,researcher,success,0,9,
c214fa04-c8db-44d8-9182-ae10960e31ac,af19a8e5-e3ab-4555-a8bc-b073d10e1d3c,ff2deabb-bc36-53f6-ac30-24a392251dc7,writer,success,0,8,
82c53ad6-2f20-453f-ba8c-4b0a0990be36,af19a8e5-e3ab-4555-a8bc-b073d10e1d3c,e0defd08-4538-5050-95cd-b859408cd60e,email,success,0,7,
2dd4e14b-cba4-4f6d-bf4d-0e758c216cb3,b06c682b-25bd-4861-baaf-6945cdc5a90c,cd234964-f8b7-5bec-b79e-081021e86959,researcher,success,0,8,
c361e80a-9dac-4484-a65c-f9b4b4e7ebbb,b06c682b-25bd-4861-baaf-6945cdc5a90c,fe431873-57bd-5f5e-b4ef-f0b24bdd08a1,writer,success,0,8,
6e49f964-53c8-422d-ac89-0af49516ce9e,b1418212-d8d0-4379-b108-cf06a88b3731,cd234964-f8b7-5bec-b79e-081021e86959,researcher,success,0,8,
9a401459-9905-45af-b2b8-0f66569ed2d1,b1418212-d8d0-4379-b108-cf06a88b3731,fe431873-57bd-5f5e-b4ef-f0b24bdd08a1,writer,success,0,8,
f95a94ca-4264-44c5-a549-cb21ab0bbf28,be5051fe-1ac0-4eff-83b9-1d9c59db804e,cd234964-f8b7-5bec-b79e-081021e86959,researcher,success,0,9,
da4b7ef0-6e65-420a-80bd-393246da75ba,be5051fe-1ac0-4eff-83b9-1d9c59db804e,fe431873-57bd-5f5e-b4ef-f0b24bdd08a1,writer,success,0,7,
66f4c574-0777-4a81-8753-ec512eca3b2b,c41d4286-2011-4d3d-b94e-d581d6503d2e,b04752d3-1a6d-5ac2-8a90-330c7fc80994,researcher,success,0,9,
35462ac0-3e67-4232-aaeb-dd6e203d1bf7,c41d4286-2011-4d3d-b94e-d581d6503d2e,ff2deabb-bc36-53f6-ac30-24a392251dc7,writer,success,0,10,
22f38032-0d61-4213-aaf6-be8feaa36918,c41d4286-2011-4d3d-b94e-d581d6503d2e,e0defd08-4538-5050-95cd-b859408cd60e,email,success,0,8,
5f178dfd-6a68-4dd8-9ad9-1cb63e84cb1a,d0828d24-e3c3-4e0e-87ae-fa428a082f8e,cd234964-f8b7-5bec-b79e-081021e86959,researcher,success,0,8,
5028a5cb-a2d8-47c9-a93b-2e3cb0f481c5,d0828d24-e3c3-4e0e-87ae-fa428a082f8e,fe431873-57bd-5f5e-b4ef-f0b24bdd08a1,writer,success,0,8,
4331a68e-e359-43cb-b05a-f9fbc2c148b2,d2b4cbd7-44e6-49eb-9b45-37128608f2ca,b04752d3-1a6d-5ac2-8a90-330c7fc80994,researcher,success,0,9,
ee6324b3-bb33-45ea-ba21-5cc8868166f6,d2b4cbd7-44e6-49eb-9b45-37128608f2ca,ff2deabb-bc36-53f6-ac30-24a392251dc7,writer,success,0,8,
4d856d64-fcc1-475d-93ad-000943fdec9c,d2b4cbd7-44e6-49eb-9b45-37128608f2ca,e0defd08-4538-5050-95cd-b859408cd60e,email,success,0,8,
57c11529-d231-4795-be76-60a0cbc65f65,d324f252-0d23-48b1-ae2e-1fed173568d7,b04752d3-1a6d-5ac2-8a90-330c7fc80994,researcher,success,0,8,
0735bea2-d420-43ce-9f8a-836d07c9159e,d324f252-0d23-48b1-ae2e-1fed173568d7,ff2deabb-bc36-53f6-ac30-24a392251dc7,writer,success,0,9,
6119881e-ae4b-455b-95c3-9dcf4182024a,d324f252-0d23-48b1-ae2e-1fed173568d7,e0defd08-4538-5050-95cd-b859408cd60e,email,success,0,7,
70f9ec5d-d683-48d1-80c5-10d7c1ac6f6f,d3c4bad6-c55b-4d0b-a5d4-d986832d1419,5e6fc677-2804-5db9-b058-522712f88c3a,researcher,success,0,8,
bbf8e726-d819-47fd-b3f4-bc076d496822,d3c4bad6-c55b-4d0b-a5d4-d986832d1419,90c7df62-77c8-59c0-af5f-054a3ec965e7,writer,success,0,7,
a973b46a-c680-424b-a39c-5d142d2ae267,d3c4bad6-c55b-4d0b-a5d4-d986832d1419,2aa8cbcf-3044-511d-b061-d25a4f7e3374,video,success,0,186,
f3e088a3-ee41-40c0-b8c0-f80234e22fb4,d3c4bad6-c55b-4d0b-a5d4-d986832d1419,cd8c06ce-9a73-5554-bbf2-a8839547de58,publisher,success,0,8,
1c8c9e23-dc8e-484c-a4c0-940ddc26bd78,d65d6f83-0c18-4bd2-902e-db3f04f9490d,5e6fc677-2804-5db9-b058-522712f88c3a,researcher,success,0,8,
90c7b6d6-61df-4936-b46e-e52890a5e76d,d65d6f83-0c18-4bd2-902e-db3f04f9490d,90c7df62-77c8-59c0-af5f-054a3ec965e7,writer,success,0,10,
37bc5d58-9d50-427a-be6d-1379573268b4,d65d6f83-0c18-4bd2-902e-db3f04f9490d,2aa8cbcf-3044-511d-b061-d25a4f7e3374,video,success,0,222,
75cce6f3-6e52-4b3f-8c11-c926e4f6e6e0,d65d6f83-0c18-4bd2-902e-db3f04f9490d,cd8c06ce-9a73-5554-bbf2-a8839547de58,publisher,success,0,8,
cd52d7a9-a826-4ce5-9886-5519cef45200,d73b8e55-c76b-49a4-8be7-69d17c91658a,cd234964-f8b7-5bec-b79e-081021e86959,researcher,success,0,8,
bcc9161e-2f5a-48a2-bf4b-65c2a56b7319,d73b8e55-c76b-49a4-8be7-69d17c91658a,fe431873-57bd-5f5e-b4ef-f0b24bdd08a1,writer,success,0,8,
82e5d6c8-61fb-47d2-9030-34f656d2aedd,d8606072-0e29-4117-ad7c-fc595d60955e,5e6fc677-2804-5db9-b058-522712f88c3a,researcher,success,0,7,
cf2c4a86-97b3-43e2-a7c5-a05f187b3596,d8606072-0e29-4117-ad7c-fc595d60955e,90c7df62-77c8-59c0-af5f-054a3ec965e7,writer,success,0,7,
b1ba04cd-46fe-48cd-b7fb-d6ca136e482d,d8606072-0e29-4117-ad7c-fc595d60955e,2aa8cbcf-3044-511d-b061-d25a4f7e3374,video,success,0,170,
5f236e55-fcff-4c7a-a1c7-4c2310d5a4cb,d8606072-0e29-4117-ad7c-fc595d60955e,cd8c06ce-9a73-5554-bbf2-a8839547de58,publisher,success,0,9,
010bd06f-3847-4088-bb2f-57b60b4dcc16,db8279a3-b036-4e6f-ae9b-8a5cce336b68,5e6fc677-2804-5db9-b058-522712f88c3a,researcher,success,0,7,
b90ac17b-fe28-46be-9ab8-b4cc81745132,db8279a3-b036-4e6f-ae9b-8a5cce336b68,90c7df62-77c8-59c0-af5f-054a3ec965e7,writer,success,0,7,
095ba6b5-f290-4ebd-8e8c-1544f13823f0,db8279a3-b036-4e6f-ae9b-8a5cce336b68,2aa8cbcf-3044-511d-b061-d25a4f7e3374,video,success,0,186,
ebb075e2-94b3-46b0-b0a2-b12d1082ec80,db8279a3-b036-4e6f-ae9b-8a5cce336b68,cd8c06ce-9a73-5554-bbf2-a8839547de58,publisher,success,0,8,
3f684318-27c0-4e96-b791-eda45dbb1dd2,e3536aa9-08d4-41ce-b46e-fc6e21a50238,b04752d3-1a6d-5ac2-8a90-330c7fc80994,researcher,success,0,8,
8933391f-5cf6-4661-a773-13f972805bf4,e3536aa9-08d4-41ce-b46e-fc6e21a50238,ff2deabb-bc36-53f6-ac30-24a392251dc7,writer,success,0,8,
8f12800f-1eb5-46d7-92f3-156ca3ee640c,e3536aa9-08d4-41ce-b46e-fc6e21a50238,e0defd08-4538-5050-95cd-b859408cd60e,email,success,0,8,
349e9366-409d-456e-bc71-e804f49d5dea,ec031e0a-0a8a-4857-80d2-87550e0ab3d9,b04752d3-1a6d-5ac2-8a90-330c7fc80994,researcher,success,0,9,
ec7a2b15-e920-4dc3-b15d-e9c5b140d91a,ec031e0a-0a8a-4857-80d2-87550e0ab3d9,ff2deabb-bc36-53f6-ac30-24a392251dc7,writer,success,0,8,
46baae2c-50fb-4852-a264-aac8e10beaee,ec031e0a-0a8a-4857-80d2-87550e0ab3d9,e0defd08-4538-5050-95cd-b859408cd60e,email,success,0,10,
af3173d2-9fcf-45c2-8a99-25ee437efd82,ec4cab5d-8610-4159-81af-21b3846c1e3b,5e6fc677-2804-5db9-b058-522712f88c3a,researcher,success,0,9,
dd9c2004-347c-4833-ad7f-984d10593d71,ec4cab5d-8610-4159-81af-21b3846c1e3b,90c7df62-77c8-59c0-af5f-054a3ec965e7,writer,success,0,8,
491de5c2-3f7f-4ec5-86c9-6c8874d06839,ec4cab5d-8610-4159-81af-21b3846c1e3b,2aa8cbcf-3044-511d-b061-d25a4f7e3374,video,success,0,191,
ee304281-fd2c-48a5-b4ec-39615b0037af,ec4cab5d-8610-4159-81af-21b3846c1e3b,cd8c06ce-9a73-5554-bbf2-a8839547de58,publisher,success,0,8,
18f6317d-5a75-42cb-b2d5-7db7b7713bd6,f064136d-9386-4e4f-8297-2e15e6ec9546,b04752d3-1a6d-5ac2-8a90-330c7fc80994,researcher,success,0,8,
bfbaa571-4dd9-4767-a755-c699d03a7b38,f064136d-9386-4e4f-8297-2e15e6ec9546,ff2deabb-bc36-53f6-ac30-24a392251dc7,writer,success,0,8,
d7ecd571-98fc-4a2a-bfd2-b8418b497fd5,f064136d-9386-4e4f-8297-2e15e6ec9546,e0defd08-4538-5050-95cd-b859408cd60e,email,success,0,7,
b2ed612d-4c2f-4f90-80e6-7eda124f5407,f09cfb54-17d0-42ce-ad5c-0db4dccd1e50,cd234964-f8b7-5bec-b79e-081021e86959,researcher,success,0,8,
73239bd9-deee-45b4-87ce-d1d371f089a8,f09cfb54-17d0-42ce-ad5c-0db4dccd1e50,fe431873-57bd-5f5e-b4ef-f0b24bdd08a1,writer,success,0,7,
9945804f-1a46-43bf-8341-00e6bd3f4e92,f421434b-cc52-4b92-93b3-65ee9156f466,5e6fc677-2804-5db9-b058-522712f88c3a,researcher,success,0,7,
c66b5c03-fdb3-4f21-a4ac-ceb3140e783c,f421434b-cc52-4b92-93b3-65ee9156f466,90c7df62-77c8-59c0-af5f-054a3ec965e7,writer,success,0,8,
95a18f86-79af-430e-a032-1165fe640784,f421434b-cc52-4b92-93b3-65ee9156f466,2aa8cbcf-3044-511d-b061-d25a4f7e3374,video,success,0,200,
58e3f250-de41-488a-b682-acc5f023e0a4,f421434b-cc52-4b92-93b3-65ee9156f466,cd8c06ce-9a73-5554-bbf2-a8839547de58,publisher,success,0,8,
079010bf-c7dd-4504-8119-23a04f748a04,f868ca0a-abb4-4483-81b5-8eceee9f0a41,5e6fc677-2804-5db9-b058-522712f88c3a,researcher,success,0,9,
7d5337be-74e7-4456-a66d-ac0306e66ab1,f868ca0a-abb4-4483-81b5-8eceee9f0a41,90c7df62-77c8-59c0-af5f-054a3ec965e7,writer,success,0,9,
373ea6e1-9e23-41d2-b9d2-0b6700510a31,f868ca0a-abb4-4483-81b5-8eceee9f0a41,2aa8cbcf-3044-511d-b061-d25a4f7e3374,video,success,0,186,
8bb27b69-7d85-4461-bf5f-bcc625de492d,f868ca0a-abb4-4483-81b5-8eceee9f0a41,cd8c06ce-9a73-5554-bbf2-a8839547de58,publisher,success,0,10,
81b413a3-d486-4685-8e07-cf03bb59926c,fba82f7f-f828-4bd7-afde-5ceeab9ae1a7,5e6fc677-2804-5db9-b058-522712f88c3a,researcher,success,0,8,
59f97cb9-48d3-4967-8e63-fd28613bdb59,fba82f7f-f828-4bd7-afde-5ceeab9ae1a7,90c7df62-77c8-59c0-af5f-054a3ec965e7,writer,success,0,8,
cc06163f-a8f0-44f1-996a-0a37b2f64e26,fba82f7f-f828-4bd7-afde-5ceeab9ae1a7,2aa8cbcf-3044-511d-b061-d25a4f7e3374,video,success,0,217,
4a20e170-e7c6-4b76-b55b-ad069518e1f0,fba82f7f-f828-4bd7-afde-5ceeab9ae1a7,cd8c06ce-9a73-5554-bbf2-a8839547de58,publisher,success,0,9,
